arm_key,label,train_seed,eval_seed,workload_hash,n_tasks,mean_delay_ms,p50_delay_ms,p95_delay_ms,p99_delay_ms,success_rate,deadline_miss_rate,broker_ms_mean,up_ms_mean,queue_ms_mean,exec_ms_mean,prop_j,comp_j,net_j,control_j,signal_j,edge_j,sys_j_per_delivered,sys_j_per_attempted,head_changes,jain_delay,jain_success
A1,optimal-head/event/rl,42,42,8c83a86bf0b3a80faca732fee4610f0032a44e8607b3403d111db21af98fdd2f,25080,146.58333499190044,150.0,501.1533268822409,550.0,0.4950956937799043,0.5049043062200957,0.37843023979124896,1.9920139455155614,94.58530617944578,51.94450373792764,2125523.274209826,12759.513061709094,100.92554144465727,157.55875277065607,0.02481214781095701,410.2377949505609,172.25992866013118,85.28514889046447,2,0.9893932218179391,0.9921567321995175
A1,optimal-head/event/rl,42,43,8c83a86bf0b3a80faca732fee4610f0032a44e8607b3403d111db21af98fdd2f,24912,129.01781417573105,107.28267380048884,370.3503764577603,550.0,0.6703596660244059,0.3296403339755941,0.48247377603139124,2.9341388543236033,61.55098016544353,66.59801730614436,2255896.3405697206,16265.521643974065,147.74949857930469,151.9434513567544,0.0,578.6779403374943,136.11019359903997,91.24278392356968,0,0.9918615446369998,0.9958667000748169
A1,optimal-head/event/rl,42,44,8c83a86bf0b3a80faca732fee4610f0032a44e8607b3403d111db21af98fdd2f,25134,151.67205691437653,150.0,550.0,550.0,0.4554388477759211,0.544561152224079,0.3481987393180075,2.304785121481031,103.25139408419679,48.1307418079881,2056781.405910274,11775.850430793578,117.16209622475972,156.3076787267369,0.0,449.6911800483923,180.77054401118787,82.32992827628182,0,0.9846595787964187,0.9918512257882984
A1,optimal-head/event/rl,42,45,8c83a86bf0b3a80faca732fee4610f0032a44e8607b3403d111db21af98fdd2f,24998,139.03289644236372,135.7961667677436,421.19980644751274,550.0,0.5787262981038483,0.42127370189615165,0.4411702820432263,2.238724527185397,78.68235607223059,60.217168570641476,2161278.832166601,14743.624984787262,112.6950686713893,158.37478088669414,0.0,459.27767291107756,150.46331683651465,87.07707835322256,0,0.990274287971605,0.9938043269037562
A1,optimal-head/event/rl,42,46,8c83a86bf0b3a80faca732fee4610f0032a44e8607b3403d111db21af98fdd2f,25550,132.8962821984309,114.64882175249258,380.38657728165884,550.0,0.6391389432485323,0.36086105675146773,0.4589842888995833,2.6541473135809315,66.65258110229789,65.76611916913158,2216629.184381985,16474.577503685447,137.2519736090687,153.9709159797236,0.0,554.0405551590391,136.8003077360942,87.43440412252126,0,0.9911665892200657,0.9961700446427578
A1,optimal-head/event/rl,42,47,8c83a86bf0b3a80faca732fee4610f0032a44e8607b3403d111db21af98fdd2f,25063,143.20750625657755,150.0,457.2526994958592,550.0,0.5222838447113275,0.4777161552886725,0.3907767075827352,2.2287254972361783,89.04512005182175,54.11908172639204,2186885.0205787425,13277.766892703403,112.83994476978513,152.18971429543086,0.058082351872182386,450.8652919187366,168.13435756339047,87.81385869627664,4,0.9903628762228229,0.9927513180965929
A1,optimal-head/event/rl,42,48,8c83a86bf0b3a80faca732fee4610f0032a44e8607b3403d111db21af98fdd2f,25277,141.49711948218044,146.44239190528907,432.5495646776608,550.0,0.5658503778138229,0.43414962218617714,0.42979210518986033,2.4949571808268987,80.35633389946061,61.13625457505508,2220557.9624590045,15105.410273225078,127.95231313052254,156.32947392295924,0.04058913078712121,503.7031636861873,156.3623993758023,88.4777227626736,3,0.9903894061125591,0.9933678076885492
A1,optimal-head/event/rl,42,49,8c83a86bf0b3a80faca732fee4610f0032a44e8607b3403d111db21af98fdd2f,24995,139.61575302295128,138.77886023855623,424.597138822014,550.0,0.5765153030606122,0.42348469693938784,0.42963298553097223,2.4091949844912053,79.67447498513573,59.63716659081564,2153129.030900432,14595.256284858713,121.68374572776115,155.3479259021439,0.0,492.69450921264007,150.48535831826047,86.75711195703674,0,0.9911337482271624,0.9930563836207832
A1,optimal-head/event/rl,42,50,8c83a86bf0b3a80faca732fee4610f0032a44e8607b3403d111db21af98fdd2f,24846,144.3253489865258,150.0,468.63051198544525,550.0,0.5550591644530307,0.4449408355469693,0.4506827685325545,2.7305032925403525,82.51313136890846,61.81066915878484,2177220.4188131527,14975.095899529813,137.24636273284523,163.59477733567002,0.0,525.8321008301987,159.0183589263709,88.26459743836357,0,0.9874450890861818,0.9916296007362618
A1,optimal-head/event/rl,42,51,8c83a86bf0b3a80faca732fee4610f0032a44e8607b3403d111db21af98fdd2f,25076,139.97445543916993,147.40468343594503,422.5117143038819,550.0,0.5653214228744616,0.43467857712553837,0.45062465783029515,2.564036933642122,80.85212771468213,58.64440640147973,2263919.4085407727,14389.04183588585,129.75168619740555,165.6896804544825,0.0,505.34133099209356,160.77237817962066,90.8880695914142,0,0.989540866209539,0.992429651715768
A1,optimal-head/event/rl,42,52,8c83a86bf0b3a80faca732fee4610f0032a44e8607b3403d111db21af98fdd2f,25007,138.49133759791897,134.57978858407847,416.8755139971959,550.0,0.5842364138041348,0.4157635861958652,0.42625059182683434,2.7825622035666226,77.9539018824015,60.196805640245344,2195383.283705411,14684.80753129029,140.88071087599062,150.71290631973278,0.0,557.606795036887,151.32904118062515,88.41193632378669,0,0.9901331491500425,0.9934444948652016
A1,optimal-head/event/rl,43,42,8c83a86bf0b3a80faca732fee4610f0032a44e8607b3403d111db21af98fdd2f,25080,146.5219034000924,150.0,483.13710198381136,550.0,0.4925837320574163,0.5074162679425838,0.3758509506648994,1.9812522207769934,94.51885513978264,52.13083337798324,2125491.643729721,12775.19192147954,100.09595116965707,157.55875277065607,0.02481214781095701,402.20786178430836,173.1363706515358,85.28415961040962,2,0.987864310673528,0.9929130274125184
A1,optimal-head/event/rl,43,43,8c83a86bf0b3a80faca732fee4610f0032a44e8607b3403d111db21af98fdd2f,24912,128.38964224959486,105.5197030520727,365.73187536585345,550.0,0.6763005780346821,0.32369942196531787,0.48163850282119364,2.9203012535274113,60.728857186543074,66.61396319004008,2255852.700928558,16307.932169416008,146.33196117182462,151.9434513567544,0.0,578.0011077856423,134.9143464873153,91.24265051454272,0,0.9912321743934288,0.9961980526193743
A1,optimal-head/event/rl,43,44,8c83a86bf0b3a80faca732fee4610f0032a44e8607b3403d111db21af98fdd2f,25134,151.85515746083246,150.0,550.0,550.0,0.4551603405745206,0.5448396594254794,0.3461041260432677,2.261449597013329,103.26945947711512,48.08190714754122,2056771.4117718195,11807.02111255831,115.09713910241942,156.3076986631391,0.0,449.0918555034032,180.8827735644796,82.33066481967242,0,0.9846587064689262,0.9904564899704665
A1,optimal-head/event/rl,43,45,8c83a86bf0b3a80faca732fee4610f0032a44e8607b3403d111db21af98fdd2f,24998,139.25661243856294,132.56679331198384,428.71845601034556,550.0,0.5821265701256101,0.4178734298743899,0.4419519382411725,2.225447082254939,78.69421237291172,60.491750834386835,2161228.44429979,14807.316555313073,112.55338419671308,158.37478088669414,0.0,454.1439526964497,149.58499401957695,87.07739951087622,0,0.9910021992311248,0.9951311330213771
A1,optimal-head/event/rl,43,46,8c83a86bf0b3a80faca732fee4610f0032a44e8607b3403d111db21af98fdd2f,25550,133.3520438690892,114.78186439351701,392.4010299322749,550.0,0.6364383561643836,0.3635616438356164,0.46036811890471385,2.6669999692266817,66.7916078851186,66.09971899906746,2216598.6112937448,16549.77578035164,138.20973597197187,153.9709159797236,0.0,551.4315566678142,137.3834327091025,87.4360860776014,0,0.9912241109459374,0.9953037422686868
A1,optimal-head/event/rl,43,47,8c83a86bf0b3a80faca732fee4610f0032a44e8607b3403d111db21af98fdd2f,25063,143.31390921819178,150.0,441.49246870143895,550.0,0.5208075649363604,0.4791924350636396,0.40322290799285915,2.2365771834286114,88.78890764532703,54.40867660370547,2186905.1052151658,13362.821483847296,113.36034668369417,154.89247275425421,0.18696577809660525,444.6958744130623,168.61878973099226,87.81794128231425,13,0.991286768258604,0.9914210447835123
A1,optimal-head/event/rl,43,48,8c83a86bf0b3a80faca732fee4610f0032a44e8607b3403d111db21af98fdd2f,25277,141.20990702488504,144.68402049909201,428.453937684523,550.0,0.5685801321359338,0.43141986786406616,0.4290061253418478,2.4807186016372995,79.62120725712883,61.43143595936224,2220558.28013016,15187.277095788422,127.22890952656485,155.82233118369643,0.013005953018501408,505.3608760618383,155.61744937021106,88.4809899255716,1,0.9909837393957583,0.9932719793559602
A1,optimal-head/event/rl,43,49,8c83a86bf0b3a80faca732fee4610f0032a44e8607b3403d111db21af98fdd2f,24995,139.54608685462665,139.1644921091526,424.9991776159767,550.0,0.573994798959792,0.426005201040208,0.4261560514235572,2.3901176739809427,79.53268506866284,59.70988907189955,2153146.8049012152,14623.488850151976,120.13338319951954,155.3479259021439,0.0,492.0740770999442,151.14921928888054,86.7588657386505,0,0.9893598793039947,0.9936261184002465
A1,optimal-head/event/rl,43,50,8c83a86bf0b3a80faca732fee4610f0032a44e8607b3403d111db21af98fdd2f,24846,143.905790764854,150.0,460.09971476630295,550.0,0.5559446188521291,0.4440553811478709,0.44804126398839966,2.6990457933166865,81.9398114832745,61.737765222170715,2177183.1047454947,15012.193589121518,135.84367000104643,163.59476678217203,0.0,518.6826034556856,158.7644551780826,88.26424452124508,0,0.9873407981740355,0.99251711538223
A1,optimal-head/event/rl,43,51,8c83a86bf0b3a80faca732fee4610f0032a44e8607b3403d111db21af98fdd2f,25076,139.69908624560185,144.05389985150396,419.77707388854265,550.0,0.569030148349019,0.430969851650981,0.4500142802160839,2.5495399948330215,80.53288175781569,58.643019619191556,2263919.2166277,14397.9088939658,128.87306763086025,165.6896804544825,0.0,501.8412163238104,159.7248251094032,90.88824092702482,0,0.990017441774387,0.9937963138690825
A1,optimal-head/event/rl,43,52,8c83a86bf0b3a80faca732fee4610f0032a44e8607b3403d111db21af98fdd2f,25007,138.2824760423044,131.7471308317124,419.08502185677105,550.0,0.5875154956612149,0.41248450433878514,0.4253518803357239,2.758148514246764,77.38381992204252,60.30468389057423,2195403.235053829,14752.69394446567,139.3825953398206,150.71290631973278,0.0,550.5883240574291,150.48983207351017,88.41510828264133,0,0.9902834644443942,0.9944463036167743
A1,optimal-head/event/rl,44,42,8c83a86bf0b3a80faca732fee4610f0032a44e8607b3403d111db21af98fdd2f,25080,146.85874914708367,150.0,495.9849336876587,550.0,0.49003189792663476,0.5099681020733653,0.37753549423165483,1.979806703583045,94.97231778741012,52.084569877089066,2125486.6247842168,12770.339916283789,100.23010297050693,157.55875277065607,0.02481214781095701,404.4893287754217,174.0373692186465,85.28386234837183,2,0.9867988362527974,0.9923361957532931
A1,optimal-head/event/rl,44,43,8c83a86bf0b3a80faca732fee4610f0032a44e8607b3403d111db21af98fdd2f,24912,128.45032164899473,106.3119890868478,362.2255272119669,550.0,0.6744139370584458,0.32558606294155423,0.4835032376440621,2.9278631352985967,60.88181669738192,66.7125563652373,2255869.127925292,16310.351797630788,146.37836500635814,151.9434513567544,0.0,580.561081214033,135.2930398559907,91.24351166588391,0,0.9920538550596595,0.9959946094016412
A1,optimal-head/event/rl,44,44,8c83a86bf0b3a80faca732fee4610f0032a44e8607b3403d111db21af98fdd2f,25134,151.71651759378696,150.0,550.0,550.0,0.45364844433834645,0.5463515556616536,0.34734499769638133,2.2920115324471575,103.26476669789038,48.10106481090919,2056781.533002257,11771.71561377039,116.08603272948254,156.3076787267369,0.0,445.3049203030501,181.4831562223984,82.32955149390413,0,0.9858333899988506,0.9904005843146374
A1,optimal-head/event/rl,44,45,8c83a86bf0b3a80faca732fee4610f0032a44e8607b3403d111db21af98fdd2f,24998,138.92215231177994,135.71883577282762,413.36765974158646,550.0,0.5772061764941195,0.42279382350588046,0.4391328444401779,2.236139593603753,78.58379102318074,60.40031275472419,2161240.977000717,14779.377225930728,112.75482514979103,158.37478088669414,0.0,450.99515796470536,150.85885917185175,87.07666529284938,0,0.9900063606956652,0.9937244946424438
A1,optimal-head/event/rl,44,46,8c83a86bf0b3a80faca732fee4610f0032a44e8607b3403d111db21af98fdd2f,25550,133.02416630959598,114.78031439983826,386.6447058985222,550.0,0.638238747553816,0.36176125244618396,0.46010477455956994,2.6721628292374917,66.6705138946213,65.92426394468488,2216621.286488255,16534.32530843339,138.364133297849,153.9709159797236,0.0,549.9461005011015,136.99625271027577,87.43631674937248,0,0.9915256237758767,0.9954547071601622
A1,optimal-head/event/rl,44,47,8c83a86bf0b3a80faca732fee4610f0032a44e8607b3403d111db21af98fdd2f,25063,143.0887136308652,150.0,455.4023075571031,550.0,0.5239995212065595,0.47600047879344054,0.38506414029940295,2.231990018002971,88.67436276080367,54.4574400416097,2186893.6301714447,13338.907986100974,113.08795116650383,152.86265756896,0.08661154334329052,441.946308388203,167.5885571983715,87.81632373164476,6,0.9910866446722478,0.9924738596411151
A1,optimal-head/event/rl,44,48,8c83a86bf0b3a80faca732fee4610f0032a44e8607b3403d111db21af98fdd2f,25277,141.1443294256501,144.38847921327636,436.13514027364005,550.0,0.5689757487043557,0.43102425129564426,0.4253459245783478,2.4636744040238474,79.9577169959298,61.11464866522312,2220543.345618201,15134.419948561146,126.096871176543,155.82233118369643,0.013005953018501408,494.87362182768373,155.50372489201104,88.47784829674814,1,0.9906709259869043,0.9934552142656982
A1,optimal-head/event/rl,44,49,8c83a86bf0b3a80faca732fee4610f0032a44e8607b3403d111db21af98fdd2f,24995,139.59793590740728,136.79274169759026,426.58534209275973,550.0,0.5765953190638128,0.4234046809361872,0.4283531016799746,2.4006489072819432,79.48657549001301,59.69228776786985,2153155.624240666,14631.937374588291,121.87950600353896,155.3479259021439,0.0,493.1947041994743,150.46891366578961,86.75967128431125,0,0.9900241827327203,0.9935036358368184
A1,optimal-head/event/rl,44,50,8c83a86bf0b3a80faca732fee4610f0032a44e8607b3403d111db21af98fdd2f,24846,143.9846789115942,150.0,453.87907484585986,550.0,0.5536504869999195,0.4463495130000805,0.4470723123602503,2.721155664767251,81.91677287299235,61.86503230915544,2177178.2687625173,15021.593078430175,136.8123358500911,163.59476678217203,0.0,521.0585391451491,159.4228938268919,88.26456280619516,0,0.9887186640537293,0.9921967043009513
A1,optimal-head/event/rl,44,51,8c83a86bf0b3a80faca732fee4610f0032a44e8607b3403d111db21af98fdd2f,25076,139.86277586160648,145.4322693811054,430.6489811070833,550.0,0.5670362099218376,0.43296379007816244,0.4489280175974554,2.534295027630945,80.69288267652183,58.60414753675106,2263913.5570448954,14395.496489630497,129.04917911330466,165.6896910453343,0.0,506.1703648926174,160.2862341071508,90.88809869076317,0,0.9908365750128403,0.9936502185740629
A1,optimal-head/event/rl,44,52,8c83a86bf0b3a80faca732fee4610f0032a44e8607b3403d111db21af98fdd2f,25007,138.39880141397228,133.1220183701305,418.68525200302935,550.0,0.58427640260727,0.41572359739273,0.42482686658345553,2.754986451549927,77.76789643821462,60.21619976778744,2195395.454748285,14714.01087195631,139.86096858718167,150.71290631973278,0.0,550.9074512087396,151.32098740307688,88.41328215884978,0,0.9908942262813558,0.9936252279403726
B1,static/spotis/rl,42,42,8c83a86bf0b3a80faca732fee4610f0032a44e8607b3403d111db21af98fdd2f,25080,151.88042971569675,150.0,510.9438653520456,550.0,0.45502392344497605,0.544976076555024,0.37163788820648513,3.0640851671644955,101.28338422795419,51.209828954718404,2162083.708989013,12395.008190548388,155.03645845994282,157.5387633663151,0.03133729225827647,567.5849543475416,190.6203039513694,86.73679859222598,2,0.985624178987712,0.9896934718903952
B1,static/spotis/rl,42,43,8c83a86bf0b3a80faca732fee4610f0032a44e8607b3403d111db21af98fdd2f,24912,131.53759059058152,112.85743495376188,378.5381513705509,550.0,0.6476396917148363,0.35236030828516374,0.4716627073724241,3.2762194049357647,65.72037276464948,64.98299475490883,2310193.7866252298,15826.09467521354,165.14598174064963,151.9434513567544,0.0,631.4043300500874,144.22761714786108,93.40752950640618,0,0.9909494270656072,0.9955338272788793
B1,static/spotis/rl,42,44,8c83a86bf0b3a80faca732fee4610f0032a44e8607b3403d111db21af98fdd2f,25134,153.40999626990458,150.0,550.0,550.0,0.43829076151826213,0.5617092384817379,0.3373391820428296,2.4491551035371097,106.937394482774,46.04586321259959,2092981.5136883282,11254.473836636864,124.78639045372357,156.3076787267369,0.0,472.8127655364813,191.0847761764417,83.7506920649193,0,0.9850921712214901,0.9895728821862112
B1,static/spotis/rl,42,45,8c83a86bf0b3a80faca732fee4610f0032a44e8607b3403d111db21af98fdd2f,24998,143.22715222743653,150.0,454.725372080692,550.0,0.5510040803264261,0.4489959196735739,0.4338848563943958,2.890697505022219,84.5126085185444,58.71611111784151,2202648.506783122,14268.175852898892,146.04815294488625,158.37478088669414,0.0,546.381923119107,161.01114327667867,88.71779692347276,0,0.9880986544897751,0.9936686316716465
B1,static/spotis/rl,42,46,8c83a86bf0b3a80faca732fee4610f0032a44e8607b3403d111db21af98fdd2f,25550,137.2787586978865,125.35553880764283,406.22403959768354,550.0,0.603013698630137,0.396986301369863,0.4472493329197885,3.1482921618635005,73.67582338168863,63.450240854896286,2272993.615052966,15808.475361374125,162.47422257394624,153.9709159797236,0.0,634.9362996696284,148.61773686328056,89.61853118796725,0,0.9890757277358078,0.9951142740554465
B1,static/spotis/rl,42,47,8c83a86bf0b3a80faca732fee4610f0032a44e8607b3403d111db21af98fdd2f,25063,146.00456427095233,150.0,457.4487362046201,550.0,0.49291784702549574,0.5070821529745042,0.3764703921875595,2.628611217757084,93.58100202166682,52.76867617276093,2230158.7495742883,12826.173218570952,132.43785089473795,151.6267472801964,0.03521099639270872,505.2398984624808,181.62330115755975,89.52536657624759,2,0.9893424885031644,0.9893173486997513
B1,static/spotis/rl,42,48,8c83a86bf0b3a80faca732fee4610f0032a44e8607b3403d111db21af98fdd2f,25277,144.72531645732658,150.0,444.73829490071574,550.0,0.5409660956600862,0.45903390433991376,0.4150825471073226,3.0411060969628756,84.35838207798554,60.46602851104941,2266845.7462919448,14863.61057291695,155.03631535292098,155.73166617523836,0.015770598673855808,593.2649156507284,166.93092039875964,90.30396825306165,1,0.9906825082811784,0.9923332672489291
B1,static/spotis/rl,42,49,8c83a86bf0b3a80faca732fee4610f0032a44e8607b3403d111db21af98fdd2f,24995,143.55440245907323,150.0,453.07563839418026,550.0,0.5481896379275856,0.45181036207241443,0.4251881840779928,3.0786303843895038,84.81830247618578,58.83377176678304,2198039.0857099066,14270.001285638886,156.1520116248809,155.3479259021439,0.0,592.9737212285254,161.52485481347986,88.54625167650735,0,0.9888112868077922,0.993089042313311
B1,static/spotis/rl,42,50,8c83a86bf0b3a80faca732fee4610f0032a44e8607b3403d111db21af98fdd2f,24846,146.2495552331739,150.0,481.9340874214182,550.0,0.5353779280367061,0.46462207196329386,0.43898133290149327,2.94495808391117,86.02696472082035,60.2359557277093,2222742.1913693654,14571.912610963349,147.70181157855086,163.59477733567002,0.0,549.0480241975858,168.25849109858976,90.08188233894555,0,0.9888954871718133,0.991555175939737
B1,static/spotis/rl,42,51,8c83a86bf0b3a80faca732fee4610f0032a44e8607b3403d111db21af98fdd2f,25076,143.10253937278517,150.0,439.1323653053121,550.0,0.5417530706651779,0.45824692933482214,0.4366788201768141,2.9677146311497014,85.58692534191593,56.84691117309376,2324017.9827380413,13901.908535809005,150.32509751888247,165.6896804544825,0.0,579.8387833553534,172.1616300946028,93.26909175447355,0,0.990332532385437,0.9927203319802825
B1,static/spotis/rl,42,52,8c83a86bf0b3a80faca732fee4610f0032a44e8607b3403d111db21af98fdd2f,25007,140.78863256943268,147.71368572885902,430.62003480875813,550.0,0.5651217659055464,0.4348782340944536,0.4179772709429312,3.241116598157821,81.25651897494481,58.996539443693386,2234044.4817769923,14362.771730051989,164.93097649686186,150.71290631973278,0.0,618.9126232226212,159.16655887440442,89.94848682421255,0,0.9880167864628482,0.9931095663002947
B1,static/spotis/rl,43,42,8c83a86bf0b3a80faca732fee4610f0032a44e8607b3403d111db21af98fdd2f,25080,152.05046380777955,150.0,511.9510263793081,550.0,0.4544258373205742,0.5455741626794258,0.3695647073203783,3.057165194739769,101.278734029797,51.40488895657626,2162038.2175494153,12430.834598776286,154.47374049563302,157.53875319757884,0.03133729225827647,574.444825046748,190.87089065580628,86.73666430638852,2,0.9855412557892868,0.9903593486250286
B1,static/spotis/rl,43,43,8c83a86bf0b3a80faca732fee4610f0032a44e8607b3403d111db21af98fdd2f,24912,131.14064353583043,112.02279441936902,373.98689034776413,550.0,0.6537813102119461,0.3462186897880539,0.47385993755004713,3.2593379252211485,64.87805747508888,65.21178253107807,2310176.852138741,15911.869741551853,163.65760161202712,151.9434513567544,0.0,624.7770354177231,142.87647203098663,93.40996708287891,0,0.9904425962506102,0.9959765115302598
B1,static/spotis/rl,43,44,8c83a86bf0b3a80faca732fee4610f0032a44e8607b3403d111db21af98fdd2f,25134,153.80125257052538,150.0,550.0,550.0,0.43240232354579455,0.5675976764542054,0.3348586242857877,2.471291095271186,107.11064855127293,46.3515469719753,2092982.1915592954,11310.182420440166,125.12553306971218,156.3076787267369,0.0,468.3164079228903,193.69176698559582,83.75277009626224,0,0.9846810696825727,0.9906242325253934
B1,static/spotis/rl,43,45,8c83a86bf0b3a80faca732fee4610f0032a44e8607b3403d111db21af98fdd2f,24998,143.37324702998114,150.0,443.51793055821906,550.0,0.5485238819105528,0.4514761180894472,0.4312180130700563,2.907160353534348,84.16616771724482,59.201178066780095,2202570.2474658955,14394.196444447412,146.04343767812927,158.37478088669414,0.0,551.1905436979524,161.74300267448993,88.71989969888016,0,0.9895218921205624,0.992392218831644
B1,static/spotis/rl,43,46,8c83a86bf0b3a80faca732fee4610f0032a44e8607b3403d111db21af98fdd2f,25550,137.03328114534463,123.4758579164641,411.76101927778154,550.0,0.6070841487279843,0.39291585127201567,0.4484920893607028,3.141558908268055,73.15582260214812,63.58316671485284,2273002.2555678133,15842.334371232864,161.71591254491136,153.9709159797236,0.0,629.4080715145494,147.62360162717334,89.61994852599162,0,0.9900189477149434,0.9937055537318283
B1,static/spotis/rl,43,47,8c83a86bf0b3a80faca732fee4610f0032a44e8607b3403d111db21af98fdd2f,25063,146.1546184390127,150.0,474.05527067420326,550.0,0.49411483062682043,0.5058851693731796,0.3789503619099839,2.6204514663528897,93.72947619418792,52.94339103161259,2230173.7400652166,12850.443133043424,132.74687042806883,152.16138314753036,0.07042199278541744,499.89953350013207,181.18613221958398,89.52675503360844,4,0.9898438116042573,0.9909254979318374
B1,static/spotis/rl,43,48,8c83a86bf0b3a80faca732fee4610f0032a44e8607b3403d111db21af98fdd2f,25277,145.34500958307484,150.0,453.1313597970461,550.0,0.5379594097400799,0.46204059025992006,0.413548636676931,3.0350179503173225,84.66827427651992,60.71001819811637,2266828.79414496,14956.469691125145,155.51295569645956,155.73167607830203,0.015770598673855808,589.2578480823877,167.86922945187098,90.30683158945054,1,0.9894892284579206,0.9918830475133118
B1,static/spotis/rl,43,49,8c83a86bf0b3a80faca732fee4610f0032a44e8607b3403d111db21af98fdd2f,24995,143.68094901838398,150.0,449.34605180328566,550.0,0.5439487897579516,0.4560512102420484,0.42126597129849574,3.077756974620369,84.64325932933221,59.13234233438934,2197993.2468927964,14359.51585567094,155.74585320233552,155.3479259021439,0.0,595.3889209252998,162.78752908565,88.54807943382664,0,0.9905659355988247,0.9917079874602618
B1,static/spotis/rl,43,50,8c83a86bf0b3a80faca732fee4610f0032a44e8607b3403d111db21af98fdd2f,24846,146.43025068312988,150.0,481.84239497681045,550.0,0.5352169363277791,0.4647830636722209,0.4384064819445079,2.9310744105636672,85.84313086750475,60.56417582203588,2222666.3889518552,14670.745529420978,146.8891247491886,163.59477733567002,0.0,556.9207711947686,168.3113655553133,90.08309342165967,0,0.9889086206703075,0.9914216033027619
B1,static/spotis/rl,43,51,8c83a86bf0b3a80faca732fee4610f0032a44e8607b3403d111db21af98fdd2f,25076,143.33391385707841,150.0,441.4983988207837,550.0,0.5405965863774127,0.4594034136225873,0.43712803061635963,2.9965313761163856,85.3489740353413,57.509760160261116,2323964.3194531966,14044.531524277949,150.7614068622241,165.6896804544825,0.0,578.7417128599565,172.53644465754283,93.27261300756304,0,0.9892913432378976,0.9926542996652121
B1,static/spotis/rl,43,52,8c83a86bf0b3a80faca732fee4610f0032a44e8607b3403d111db21af98fdd2f,25007,140.7604803668836,146.18738784241714,433.22911252754574,550.0,0.5662414523933299,0.4337585476066701,0.42036278905603297,3.219558542367286,81.15849862297021,59.260295713207576,2234045.474657724,14381.75919796735,162.67035099805736,150.71290631973278,0.0,621.4980753570328,158.85325672234225,89.94929880386957,0,0.9886522232282655,0.9937713551639414
B1,static/spotis/rl,44,42,8c83a86bf0b3a80faca732fee4610f0032a44e8607b3403d111db21af98fdd2f,25080,152.15712211486087,150.0,503.1279494864493,550.0,0.45103668261562996,0.54896331738437,0.3673747538529105,3.067287347914918,101.33021227925101,51.40303290319366,2162005.9839840634,12463.98278313744,155.01924402513515,157.5387633663151,0.03133729225827647,572.2582345070788,192.30505784533162,86.7366353407652,2,0.9849447983288039,0.9885687597913514
B1,static/spotis/rl,44,43,8c83a86bf0b3a80faca732fee4610f0032a44e8607b3403d111db21af98fdd2f,24912,131.26091953642262,112.21767464483534,379.05508303318817,550.0,0.6509714193962749,0.3490285806037251,0.4719925734293198,3.249560090876102,65.25039978444187,64.96121601671418,2310155.2346867598,15859.394817345628,163.3626133057848,151.9434513567544,0.0,628.1810329021357,143.4888152310335,93.4071177184357,0,0.9907363317947062,0.9952764767810584
B1,static/spotis/rl,44,44,8c83a86bf0b3a80faca732fee4610f0032a44e8607b3403d111db21af98fdd2f,25134,154.13999198049407,150.0,550.0,550.0,0.43331741863611045,0.5666825813638896,0.33465795543157323,2.4785772522043197,107.3351449657401,46.31520603427583,2092961.8329470106,11341.54015628978,126.12681968195778,156.3076787267369,0.0,473.94069757237145,193.28434012480778,83.7534713256657,0,0.9850159893092113,0.9894760332554248
B1,static/spotis/rl,44,45,8c83a86bf0b3a80faca732fee4610f0032a44e8607b3403d111db21af98fdd2f,24998,143.1582180108973,150.0,449.67376751593645,550.0,0.5477638211056884,0.45223617889431156,0.43007000469611456,2.884025919971087,84.41350279920071,58.69605039566063,2202611.4109985875,14291.770514517142,145.14978613440206,158.37478088669414,0.0,544.853860896299,161.96243043460322,88.7171597704225,0,0.9902376290195296,0.9933327416507494
B1,static/spotis/rl,44,46,8c83a86bf0b3a80faca732fee4610f0032a44e8607b3403d111db21af98fdd2f,25550,136.80071907487917,124.3133263498416,404.5433904420612,550.0,0.6058708414872799,0.3941291585127201,0.4484731930701284,3.14353755489219,72.96593399794622,63.68104417636144,2272970.7466923185,15865.746408680328,162.7173644813512,153.9709159797236,0.0,625.1811055729938,147.91849886867138,89.61950538109718,0,0.9906509200440272,0.995212310856688
B1,static/spotis/rl,44,47,8c83a86bf0b3a80faca732fee4610f0032a44e8607b3403d111db21af98fdd2f,25063,146.23170919261435,150.0,472.65684719022516,550.0,0.4948330207876152,0.5051669792123847,0.3760770121485215,2.6234391963145276,93.58176959688267,52.89489696229936,2230155.889313298,12849.551425655414,132.7550018514763,152.1316807937157,0.07042199278541744,502.4174436462745,180.92185254694704,89.5261068222973,4,0.989517607601004,0.9913635320174605
B1,static/spotis/rl,44,48,8c83a86bf0b3a80faca732fee4610f0032a44e8607b3403d111db21af98fdd2f,25277,145.04962509568668,150.0,451.5493695182118,550.0,0.5424694386200895,0.45753056137991055,0.4152894464549495,3.0388836130243306,84.46893688480151,60.723383725905826,2266820.8418058436,14943.980149465073,154.4698271204696,155.73166617523836,0.015770598673855808,592.2998993213881,166.4722388505342,90.30610195507873,1,0.9904185956511099,0.9914510319755272
B1,static/spotis/rl,44,49,8c83a86bf0b3a80faca732fee4610f0032a44e8607b3403d111db21af98fdd2f,24995,143.1492028914664,150.0,450.1330376054247,550.0,0.5464292858571714,0.45357071414282857,0.42349140197645135,3.0568061752247404,84.61371200441087,58.57122641589632,2198073.118945003,14196.747793885463,153.8571346356151,155.3479259021439,0.0,590.0331758371724,162.0419611198758,88.54447309362926,0,0.9907735554475753,0.9920400653017148
B1,static/spotis/rl,44,50,8c83a86bf0b3a80faca732fee4610f0032a44e8607b3403d111db21af98fdd2f,24846,146.20717011987693,150.0,478.91818516515275,550.0,0.534291234001449,0.46570876599855104,0.43971236115848,2.9187594638694443,85.80691159114846,60.42552130912009,2222695.8353040423,14630.366023984154,147.60170947524594,163.59476678217203,0.0,548.9448145866551,168.60160773023506,90.08236104881553,0,0.9873859830916144,0.9914430477538202
B1,static/spotis/rl,44,51,8c83a86bf0b3a80faca732fee4610f0032a44e8607b3403d111db21af98fdd2f,25076,143.34824973919842,150.0,443.1551271428971,550.0,0.5409554952943053,0.4590445047056947,0.43769582844535054,2.977490692336966,85.71020389182611,57.20441437436726,2323990.136580455,13949.109760162166,150.14549118643185,165.6896804544825,0.0,578.629331160883,172.41678664529442,93.26980821675781,0,0.9902529247407846,0.9927076878504942
B1,static/spotis/rl,44,52,8c83a86bf0b3a80faca732fee4610f0032a44e8607b3403d111db21af98fdd2f,25007,140.67299051307674,142.59018778720645,439.8996431437559,550.0,0.5703602991162474,0.4296397008837526,0.42088084678180293,3.2069379795002533,81.40126354242861,58.9473553293543,2234043.0700246342,14337.622927793978,161.53132159510636,150.71290631973278,0.0,617.8563156531295,157.70250252373245,89.94724651081681,0,0.9903211926322341,0.9923793916767943
B2,random-move/spotis/rl,42,42,8c83a86bf0b3a80faca732fee4610f0032a44e8607b3403d111db21af98fdd2f,25080,149.0803231498594,150.0,496.7943006723494,550.0,0.4932615629984051,0.5067384370015948,0.39871320282116435,3.042628370072778,94.27269910371744,55.43742476714584,2027946.1204331422,13423.86210748243,154.19800751105572,157.55689056957394,0.01607715075671927,579.6864743347692,165.08458814891205,81.42988197728033,1,0.98768412033319,0.9899737871690876
B2,random-move/spotis/rl,42,43,8c83a86bf0b3a80faca732fee4610f0032a44e8607b3403d111db21af98fdd2f,24912,125.8466651476759,101.04204325557563,354.91769755983546,550.0,0.7043994861913937,0.2956005138086063,0.5071084890885561,3.3064676031006868,55.2439608594413,69.70022169596346,2114045.381355702,17007.648728051096,166.53190970524886,151.9434513567544,0.0,640.8855458473521,121.49603322262722,85.58174337631111,0,0.992476052399684,0.9974100359508133
B2,random-move/spotis/rl,42,44,8c83a86bf0b3a80faca732fee4610f0032a44e8607b3403d111db21af98fdd2f,25134,149.73744365333408,150.0,530.4898752596464,550.0,0.4817776716797963,0.5182223283202037,0.3686413405341989,2.5412706312092914,98.22679649073342,51.044248643120156,1956229.9265231986,12542.053215295347,129.83070952737103,156.3076787267369,0.0,486.95434913043727,162.65133970401178,78.3617837381984,0,0.9855399728669629,0.9915849273221183
B2,random-move/spotis/rl,42,45,8c83a86bf0b3a80faca732fee4610f0032a44e8607b3403d111db21af98fdd2f,24998,140.22681239146974,137.31964709452882,430.10010283155657,550.0,0.5836866949355949,0.4163133050644051,0.4600488923989372,2.9201994220376783,77.78391164292059,62.761580350911785,2050147.8309520793,15232.672196773852,146.93366817095534,158.37478088669414,0.0,560.3118327678841,141.61100153729552,82.65645745382346,0,0.9895306503007071,0.994508792176135
B2,random-move/spotis/rl,42,46,8c83a86bf0b3a80faca732fee4610f0032a44e8607b3403d111db21af98fdd2f,25550,132.2264470877452,111.82422463329544,388.90449511546126,550.0,0.6574168297455969,0.3425831702544031,0.4830368761743752,3.1898458629142645,63.64145135830482,68.3845061463934,2072811.386817634,17062.40198787418,164.44181117811925,153.9709159797236,0.0,644.8226794179784,124.47681277681038,81.8331516325669,0,0.9907103176058719,0.9961506319769079
B2,random-move/spotis/rl,42,47,8c83a86bf0b3a80faca732fee4610f0032a44e8607b3403d111db21af98fdd2f,25063,141.77864983800444,150.0,438.450310571008,550.0,0.5456649243905358,0.4543350756094642,0.4240379455113872,2.6715284476403918,84.39842030403905,57.47319813059137,2068791.6916172279,14048.46192465079,135.8384507793963,153.35257127419587,0.11399462500206235,526.4228321016636,152.35857570858866,83.13673069427676,8,0.9905453462293847,0.9920093225099681
B2,random-move/spotis/rl,42,48,8c83a86bf0b3a80faca732fee4610f0032a44e8607b3403d111db21af98fdd2f,25277,140.67560293283015,133.29038473946753,426.5120927914606,550.0,0.5894686869486094,0.41053131305139057,0.4502486031897862,3.0254308010454722,75.56512022189527,65.24489023195679,2078468.8132322363,16073.770984611781,154.08458669587043,156.0920616407367,0.013064469612445125,594.2710152493357,140.63402986207407,82.89935692308832,1,0.9912582627810352,0.9944233026838042
B2,random-move/spotis/rl,42,49,8c83a86bf0b3a80faca732fee4610f0032a44e8607b3403d111db21af98fdd2f,24995,139.66020221986767,135.28704110703416,419.4876557042391,550.0,0.5841968393678736,0.4158031606321264,0.44576245451500923,2.9522980829232366,77.65245308216915,61.9111121024705,2028971.689572479,15078.144185397405,149.06853430260253,155.3479259021439,0.0,577.3723756651355,140.0446255714112,81.8136276292757,0,0.9901851534206909,0.9933440156257777
B2,random-move/spotis/rl,42,50,8c83a86bf0b3a80faca732fee4610f0032a44e8607b3403d111db21af98fdd2f,24846,142.52326227392868,139.68319253161354,447.3350312119635,550.0,0.5745794091604283,0.42542059083957173,0.46917994391311546,3.024918843645035,78.03396567095166,64.56555138464641,2049541.025191671,15614.90768590392,151.32038387018724,163.59477733567002,0.0,572.4473345458341,144.72144125618706,83.15396020982558,0,0.988418311921074,0.993014583908035
B2,random-move/spotis/rl,42,51,8c83a86bf0b3a80faca732fee4610f0032a44e8607b3403d111db21af98fdd2f,25076,138.6892484021037,130.6754296084609,416.2195978240071,550.0,0.5918009251874302,0.4081990748125698,0.4718122849501094,3.0601844280004564,76.15931705270003,61.559781060544466,2113615.041059909,15120.7224811634,154.72761949934707,165.6896804544825,0.0,597.3313981814274,143.50764907272287,84.92795949271046,0,0.9913694775804668,0.993124974116863
B2,random-move/spotis/rl,42,52,8c83a86bf0b3a80faca732fee4610f0032a44e8607b3403d111db21af98fdd2f,25007,138.32709210286959,129.20318969687372,417.8918603149867,550.0,0.5955932338945096,0.4044067661054904,0.4363083693979851,3.2147124107426133,76.32264232217169,61.52521747835003,2066047.5780602528,15018.72716836369,162.58735647297252,150.71290631973278,0.0,627.7238686709131,139.78832612864778,83.2569812196617,0,0.9911517005667922,0.9941013100759611
B2,random-move/spotis/rl,43,42,8c83a86bf0b3a80faca732fee4610f0032a44e8607b3403d111db21af98fdd2f,25080,149.3672517576554,150.0,508.5264042941135,550.0,0.4912679425837321,0.5087320574162679,0.3988339751546465,3.045487115574383,94.34371547523264,55.76756842896566,2027901.0777842624,13537.282995229154,154.1479780845874,157.5568804008377,0.01607715075671927,580.1350445663828,165.76010200143608,81.43262427271507,1,0.9883953940804044,0.9918212878024031
B2,random-move/spotis/rl,43,43,8c83a86bf0b3a80faca732fee4610f0032a44e8607b3403d111db21af98fdd2f,24912,125.88994235407276,100.5399899165429,351.42431361135385,550.0,0.7060452793834296,0.29395472061657035,0.507281687986139,3.2770507471975114,54.7719778940292,69.98576268932555,2114012.6051732507,17118.878629141876,165.27007712587638,151.9434513567544,0.0,640.1249826558776,121.21717109065503,85.58481142877052,0,0.9915019620353973,0.9965169035963354
B2,random-move/spotis/rl,43,44,8c83a86bf0b3a80faca732fee4610f0032a44e8607b3403d111db21af98fdd2f,25134,149.52707176838808,150.0,522.1816399377224,550.0,0.4818572451659107,0.5181427548340893,0.3678770191255053,2.5216627372273455,98.0419149077035,51.11288023408182,1956215.4253743922,12519.937616497082,127.643581473727,156.3076787267369,0.0,486.75180674744007,162.62125886036142,78.3602317998662,0,0.9844741781947435,0.9914532509406698
B2,random-move/spotis/rl,43,45,8c83a86bf0b3a80faca732fee4610f0032a44e8607b3403d111db21af98fdd2f,24998,140.18132845702036,136.1630700373624,432.7556842109358,550.0,0.5829666373309865,0.4170333626690135,0.4576316260046886,2.9047643032333283,77.70129093818022,62.54398665854072,2050131.1866995972,15235.48722131399,145.90093662725104,158.37478088669414,0.0,555.9470183199453,141.78459456918586,82.65568832133552,0,0.9891343423946312,0.9945485647650786
B2,random-move/spotis/rl,43,46,8c83a86bf0b3a80faca732fee4610f0032a44e8607b3403d111db21af98fdd2f,25550,132.01940234562304,111.56627815144243,383.87441988446176,550.0,0.6585518590998043,0.3414481409001957,0.479793811205516,3.1624839374714178,62.956021482782084,68.6484452477995,2072811.5953910674,17160.50394435966,162.696695713021,153.9709159797236,0.0,639.5313140594878,124.26769869613571,81.83672400239449,0,0.9910931431997574,0.9956692665547667
B2,random-move/spotis/rl,43,47,8c83a86bf0b3a80faca732fee4610f0032a44e8607b3403d111db21af98fdd2f,25063,141.48852382338697,150.0,440.76125661307856,550.0,0.5481386904999401,0.45186130950005987,0.4038719205783936,2.668423657530494,83.88228483795608,57.591751279171454,2068827.071363648,14073.639580815474,134.51968641752592,151.59983468517197,0.030391525885811455,522.8632964700073,151.67489621149818,83.13887899108495,2,0.9891016960965022,0.9922829918092377
B2,random-move/spotis/rl,43,48,8c83a86bf0b3a80faca732fee4610f0032a44e8607b3403d111db21af98fdd2f,25277,140.83099106291155,132.41044177371109,427.69745195299987,550.0,0.5897851802033469,0.4102148197966531,0.44962055449209837,3.022828215079607,75.2773039749847,65.506120332593,2078449.085593057,16167.39997027059,154.63567582889962,156.09207154380036,0.013064469612445125,600.215566276983,140.56395505375954,82.90253756147673,1,0.9920599492943674,0.9943734119137231
B2,random-move/spotis/rl,43,49,8c83a86bf0b3a80faca732fee4610f0032a44e8607b3403d111db21af98fdd2f,24995,140.22856398240188,136.93474828857433,423.9227419926098,550.0,0.5811962392478496,0.4188037607521504,0.44410434155984296,2.939745679530849,78.086656343892,62.088777489663016,2028958.4788727004,15136.622370532565,148.0955087033798,155.3479259021439,0.0,582.2564721902496,140.77103332759884,81.81559516503414,0,0.9907750515513407,0.9935731645186403
B2,random-move/spotis/rl,43,50,8c83a86bf0b3a80faca732fee4610f0032a44e8607b3403d111db21af98fdd2f,24846,142.61844131560136,136.3254516163721,458.91669911564037,550.0,0.5766320534492474,0.4233679465507526,0.4704563996492402,2.9839525527046757,78.04148605554987,64.60218847225686,2049505.5804607542,15668.07231938213,150.34891113442518,163.59477733567002,0.0,574.0205787594602,144.2075533640934,83.1546976192291,0,0.9893608028244493,0.9927061814820106
B2,random-move/spotis/rl,43,51,8c83a86bf0b3a80faca732fee4610f0032a44e8607b3403d111db21af98fdd2f,25076,138.47520858810034,127.14406038520387,411.66069834293853,550.0,0.5945126814483969,0.40548731855160314,0.47414593661102544,3.0487049998778204,75.49021689636157,62.24680543358797,2113565.3240605094,15258.323760059844,154.85351565819744,165.6896804544825,0.0,605.1402167449107,142.8594936432403,84.931780636203,0,0.9899025702779424,0.9940146370756389
B2,random-move/spotis/rl,43,52,8c83a86bf0b3a80faca732fee4610f0032a44e8607b3403d111db21af98fdd2f,25007,137.85574233256926,130.05056668171733,408.45974127169035,550.0,0.5948334466349422,0.4051665533650578,0.43814035590128064,3.218281445913916,75.64429712368214,61.936368887359485,2066049.586976647,15052.686499270323,162.52085903452706,150.71290631973278,0.0,631.6447834994009,139.96955643864007,83.25857368036033,0,0.9908102613022475,0.9944555978071472
B2,random-move/spotis/rl,44,42,8c83a86bf0b3a80faca732fee4610f0032a44e8607b3403d111db21af98fdd2f,25080,148.80615252148164,150.0,492.70506994983094,550.0,0.494377990430622,0.505622009569378,0.3997983475631738,3.038378853217856,94.02604026685391,55.460777602965884,2027904.4091335128,13446.81578415485,153.2207015360863,157.55689056957394,0.01607715075671927,578.9186347206492,164.71013285116905,81.42906448252172,1,0.9872007761892851,0.9899739664275014
B2,random-move/spotis/rl,44,43,8c83a86bf0b3a80faca732fee4610f0032a44e8607b3403d111db21af98fdd2f,24912,126.25559017056041,101.66733774927117,356.03082602934194,550.0,0.7029543994861914,0.29704560051380857,0.5076871633756798,3.3018875722877046,55.121563624767845,70.06484344483492,2114010.7710019695,17108.539845394236,166.14088946240327,151.9434513567544,0.0,644.258424495877,121.74975180520094,85.58452366781788,0,0.9918985297915325,0.996805064706829
B2,random-move/spotis/rl,44,44,8c83a86bf0b3a80faca732fee4610f0032a44e8607b3403d111db21af98fdd2f,25134,149.3589680959693,150.0,520.7515205879317,550.0,0.4823744728256545,0.5176255271743455,0.36996847931471843,2.5317135275196914,97.98042968934249,51.014580552552474,1956242.0617460173,12514.679488896627,128.59223606461364,156.3076787267369,0.0,483.45965312267634,162.44845767096896,78.3609891303743,0,0.9861845415786398,0.9923587619031343
B2,random-move/spotis/rl,44,45,8c83a86bf0b3a80faca732fee4610f0032a44e8607b3403d111db21af98fdd2f,24998,140.04533183597357,135.28514123834157,429.94626628985736,550.0,0.584086726938155,0.415913273061845,0.45722487182259913,2.9009267309433944,77.61180367859794,62.4847046216183,2050111.9859526046,15213.11729351686,146.5575404715458,158.37478088669414,0.0,559.7609759571496,141.51015660183802,82.65420419807332,0,0.9899939947807274,0.9937790948641932
B2,random-move/spotis/rl,44,46,8c83a86bf0b3a80faca732fee4610f0032a44e8607b3403d111db21af98fdd2f,25550,131.98339045670662,110.32923714633114,386.7330281242094,550.0,0.661761252446184,0.338238747553816,0.4833711571058742,3.1832841142896178,62.929824341088285,68.75195418034697,2072793.1720748849,17152.92238476503,164.04352485614993,153.9709159797236,0.0,643.8473440609183,123.66382518597982,81.83592783735995,0,0.9916155211455748,0.9954946186987735
B2,random-move/spotis/rl,44,47,8c83a86bf0b3a80faca732fee4610f0032a44e8607b3403d111db21af98fdd2f,25063,141.78244859751234,150.0,446.38912818151846,550.0,0.5457846227506683,0.4542153772493317,0.4065817932567479,2.6851644354634283,84.13213903079053,57.78942052729522,2068797.7418993434,14111.130263207058,135.89347651044847,152.18102605984566,0.06042910910731746,527.175346566274,152.33015442947556,83.13945586884236,4,0.990821212529733,0.9924556840350455
B2,random-move/spotis/rl,44,48,8c83a86bf0b3a80faca732fee4610f0032a44e8607b3403d111db21af98fdd2f,25277,140.44310867004666,132.62813512045568,419.7224904297885,550.0,0.5897456185465048,0.41025438145349524,0.44793228383680145,3.0419093594859388,75.04334674728278,65.38422225969362,2078463.3337386,16143.436714366384,155.8283129180134,156.0920616407367,0.013064469612445125,603.0267014975399,140.573001314382,82.90231161108883,1,0.991359384419113,0.9931463024807099
B2,random-move/spotis/rl,44,49,8c83a86bf0b3a80faca732fee4610f0032a44e8607b3403d111db21af98fdd2f,24995,139.9978682464011,136.154493726103,418.48784149593115,550.0,0.5829165833166633,0.4170834166833367,0.4441015942087886,2.9347273160214686,77.90992645551721,61.90672735963535,2028972.3456197854,15081.413027172828,148.44063186942293,155.3479259021439,0.0,576.6246448128852,140.35237967395625,81.81372961990569,0,0.9900735915882934,0.9944120647076807
B2,random-move/spotis/rl,44,50,8c83a86bf0b3a80faca732fee4610f0032a44e8607b3403d111db21af98fdd2f,24846,142.79485361971263,136.12772762532188,458.0047199824806,550.0,0.5772357723577236,0.4227642276422764,0.46734783656961015,2.9916132766409285,78.23698670381317,64.40780637048641,2049503.163982186,15655.355675438803,150.0379736285403,163.59476678217203,0.0,567.8662906944495,144.0552237267278,83.15382833006238,0,0.9876540873865935,0.9930336590287079
B2,random-move/spotis/rl,44,51,8c83a86bf0b3a80faca732fee4610f0032a44e8607b3403d111db21af98fdd2f,25076,138.2788245690815,127.10847087741683,409.768083899624,550.0,0.5952304992821822,0.4047695007178178,0.47418218598994366,3.0467478960694097,75.50407020494265,61.978666597758654,2113591.4582349095,15220.465522210761,153.75867174524464,165.6896804544825,0.0,601.3101095470155,142.68609689259455,84.93111669400488,0,0.9903979525431565,0.9940480798833173
B2,random-move/spotis/rl,44,52,8c83a86bf0b3a80faca732fee4610f0032a44e8607b3403d111db21af98fdd2f,25007,138.10859191509726,129.3713075500733,417.48189920377035,550.0,0.5960730995321311,0.40392690046786894,0.4357545568948672,3.2127015290430987,75.77278857227218,61.65448383668378,2066034.7696912838,15072.015465138415,162.25552393755947,150.71290631973278,0.0,636.468216514225,139.67907029405566,83.25893636994417,0,0.9906383398717568,0.9943236078222044
C1,headless/random,,42,8c83a86bf0b3a80faca732fee4610f0032a44e8607b3403d111db21af98fdd2f,25080,173.57078729128474,150.0,550.0,550.0,0.21929824561403508,0.7807017543859649,0.007512914166173168,4.137265118710843,138.1190337024167,106.82134897544816,2125171.393372105,13582.278795354563,208.2673074559292,1.8830433982670172,0.0,825.6952779074292,389.05263959931295,85.3185613156388,0,0.9807928572265391,0.9759783597259006
C1,headless/random,,43,8c83a86bf0b3a80faca732fee4610f0032a44e8607b3403d111db21af98fdd2f,24912,162.60394479492163,150.0,550.0,550.0,0.373956326268465,0.626043673731535,0.007519912893374042,5.0107558617243235,110.93851706562342,98.7444869034716,2255633.439103432,16665.371808920907,250.44783303686435,1.8724257751158286,0.0,948.1512366385465,244.04243048602441,91.26121075818094,0,0.9864112358518994,0.9848878428590558
C1,headless/random,,44,8c83a86bf0b3a80faca732fee4610f0032a44e8607b3403d111db21af98fdd2f,25134,177.4429033271115,150.0,550.0,550.0,0.20442428582796213,0.7955757141720379,0.007503109395402349,5.540935019128795,144.90495022636495,101.40762177820856,2056652.3744348143,12506.137924458219,279.3173247589911,1.8850499994188905,0.0,1026.8936255176557,402.97131342147696,82.3771229553413,0,0.9792465121134271,0.9675527277688757
C1,headless/random,,45,8c83a86bf0b3a80faca732fee4610f0032a44e8607b3403d111db21af98fdd2f,24998,170.87971339905687,150.0,550.0,550.0,0.2777022161772942,0.7222977838227058,0.0075058903282805445,4.077540899704135,127.75028518715007,106.99307054022387,2160641.1656552367,15744.214134491716,204.4621924715278,1.8748499994165158,0.0,809.1720518177124,313.65613495880393,87.10300379566432,0,0.9852907985606437,0.9809845699607859
C1,headless/random,,46,8c83a86bf0b3a80faca732fee4610f0032a44e8607b3403d111db21af98fdd2f,25550,165.0520979676421,150.0,550.0,550.0,0.3315068493150685,0.6684931506849314,0.00750532594604588,4.676699306034641,116.03180043604549,105.19033621032906,2216210.237179088,17123.27723481292,240.0499161859268,1.916249999409378,0.0,929.1000255996831,263.81400007150955,87.45614796891138,0,0.9858344649733152,0.9849516311388836
C1,headless/random,,47,8c83a86bf0b3a80faca732fee4610f0032a44e8607b3403d111db21af98fdd2f,25063,170.69016931973928,150.0,550.0,550.0,0.2528029365997686,0.7471970634002314,0.007505709753757171,4.6141155470839355,132.17587613670392,103.91157350195078,2186950.9109963356,13942.303162765156,232.08854358349157,1.8797249994206742,0.0,899.9624144005475,347.54216301169265,87.85967940159136,0,0.9833035444324699,0.9766964187420074
C1,headless/random,,48,8c83a86bf0b3a80faca732fee4610f0032a44e8607b3403d111db21af98fdd2f,25277,170.73654888652388,150.0,550.0,550.0,0.27412272025952444,0.7258772797404756,0.007506181649702924,4.689352549554513,127.5759097494274,108.87536547433564,2220558.077763052,15773.65992364108,237.33281099880205,1.8957749994114201,0.0,921.8518554918659,322.91713351539664,88.51892305764859,0,0.9845058295381984,0.9821338916758754
C1,headless/random,,49,8c83a86bf0b3a80faca732fee4610f0032a44e8607b3403d111db21af98fdd2f,24995,170.73652412529586,150.0,550.0,550.0,0.2760152030406081,0.7239847969593919,0.007514267574972444,4.4237797541887,128.43209265895734,103.58983236515573,2152902.47778656,15346.663164837732,221.73824695892344,1.8769802162678388,0.0,868.9084945109144,314.44291414307634,86.79102479188171,0,0.9835429873167517,0.9779518440236147
C1,headless/random,,50,8c83a86bf0b3a80faca732fee4610f0032a44e8607b3403d111db21af98fdd2f,24846,172.29775620251434,150.0,550.0,550.0,0.25549384206713355,0.7445061579328665,0.0075066448357846835,5.605174682568652,128.95423163089634,113.18166101017758,2176824.17850861,15814.071457138292,279.69628398271493,1.8634499994283633,0.0,1017.0023777882595,345.6107139378574,88.3014091635482,0,0.9806014320374992,0.9744604617320848
C1,headless/random,,51,8c83a86bf0b3a80faca732fee4610f0032a44e8607b3403d111db21af98fdd2f,25076,169.21811358567433,150.0,550.0,550.0,0.28868240548731855,0.7113175945126815,0.007505881756802033,5.281104827349336,126.12402939685168,105.01865161162242,2263678.325261257,14970.446301665335,266.36683267466924,1.8806999994173623,0.0,991.5776847620549,314.94800342317427,90.91994723163018,0,0.985194399958584,0.9801453791043269
C1,headless/random,,52,8c83a86bf0b3a80faca732fee4610f0032a44e8607b3403d111db21af98fdd2f,25007,169.71840411506824,150.0,550.0,550.0,0.2925180949334186,0.7074819050665814,0.007506599177279875,5.36751479200352,125.11753547035241,100.28454624369314,2195540.0508630686,15464.898930267835,269.5054957239919,1.875524999423126,0.0,1009.8741732349539,302.4314702648387,88.46667752978345,0,0.9855530277816575,0.9783245456145208
D1,fodas/edf-heuristic,,42,8c83a86bf0b3a80faca732fee4610f0032a44e8607b3403d111db21af98fdd2f,25080,171.79504238878923,150.0,550.0,550.0,0.256140350877193,0.743859649122807,0.4708853988194733,3.662011845282047,127.73224434346466,103.40943518073114,2124551.176108898,15140.440698129698,184.70753780149042,112.98946289200241,0.0,748.2078582473752,333.2405855644409,85.35636051299714,0,0.9814226604988661,0.9788712514692058
D1,fodas/edf-heuristic,,43,8c83a86bf0b3a80faca732fee4610f0032a44e8607b3403d111db21af98fdd2f,24912,151.162450763151,150.0,413.58291131597844,550.0,0.5127247912652537,0.4872752087347463,0.47060379440025646,3.8913399982568797,84.35280549944875,95.23797206038105,2255428.5073389616,19106.864112441013,195.0412632325049,112.34738134861209,0.0,766.9821522502119,178.15781274941156,91.3459273542162,0,0.9900652736029488,0.9918790543395537
D1,fodas/edf-heuristic,,44,8c83a86bf0b3a80faca732fee4610f0032a44e8607b3403d111db21af98fdd2f,25134,175.43346923542637,150.0,550.0,550.0,0.2303652423012652,0.7696347576987348,0.4705580574370092,4.565337544898579,136.5017276076304,98.14175248285089,2056278.1051208028,13555.307680544493,230.1331158951801,113.10299999999813,0.0,880.1241752289985,357.6954703095805,82.40060368793154,0,0.9752309086072749,0.974722818513414
D1,fodas/edf-heuristic,,45,8c83a86bf0b3a80faca732fee4610f0032a44e8607b3403d111db21af98fdd2f,24998,168.36707393630255,150.0,550.0,550.0,0.31882550604048326,0.6811744939595168,0.470398307295923,3.4667611199312764,115.28280714316783,102.64435540346618,2160427.6480794526,17542.809065719455,174.03657095608196,112.49099999999827,0.0,703.3454007828988,273.39527354039035,87.16538643559129,0,0.9829455570020741,0.9830849555043308
D1,fodas/edf-heuristic,,46,8c83a86bf0b3a80faca732fee4610f0032a44e8607b3403d111db21af98fdd2f,25550,161.74578965467356,150.0,462.63959183494916,550.0,0.38782778864970646,0.6121722113502935,0.4706089794663677,3.7081560135430762,99.67293041167655,100.80306889613581,2216061.141553037,19614.18893215087,190.84481516463546,114.97499999999812,0.0,771.8490589214321,225.72943782009025,87.54414870290702,0,0.9877553197984487,0.9851689028367736
D1,fodas/edf-heuristic,,47,8c83a86bf0b3a80faca732fee4610f0032a44e8607b3403d111db21af98fdd2f,25063,165.89247091335167,150.0,550.0,550.0,0.3217491920360691,0.6782508079639309,0.4698149140332837,3.8632229773234728,117.5596833323367,101.54040949516755,2186425.6760100056,15503.404406441126,194.28152920962424,112.78349999999824,0.0,773.3580384381414,273.19066263443625,87.8988749744282,0,0.9867041152217514,0.9803406347297678
D1,fodas/edf-heuristic,,48,8c83a86bf0b3a80faca732fee4610f0032a44e8607b3403d111db21af98fdd2f,25277,168.06567596998343,150.0,536.9868061145041,550.0,0.319974680539621,0.6800253194603789,0.4707435625024337,3.903981584419942,114.04724625404751,104.62248341862184,2220293.555814848,17872.99451899227,198.50902656101348,113.74649999999835,0.0,787.8486997313619,276.8628405737058,88.58909896586353,0,0.9872590112157423,0.9785309154617856
D1,fodas/edf-heuristic,,49,8c83a86bf0b3a80faca732fee4610f0032a44e8607b3403d111db21af98fdd2f,24995,167.0740503717402,150.0,538.8473066398298,550.0,0.3300660132026405,0.6699339867973595,0.47107974498604516,3.7042962464942475,113.9409788312253,100.19239758219523,2152565.672156935,17174.596829007132,185.88953488268822,112.62345314366802,0.0,757.5582932619956,263.12682912330064,86.84922345538028,0,0.984930763639599,0.9811984997338707
D1,fodas/edf-heuristic,,50,8c83a86bf0b3a80faca732fee4610f0032a44e8607b3403d111db21af98fdd2f,24846,169.9141506270644,150.0,550.0,550.0,0.30254366900104646,0.6974563309989535,0.46914458201470455,4.283097492797383,115.85634672750491,108.97137736817804,2176514.7499428303,17798.556795309993,214.0191472749037,111.80617879351722,0.0,812.0286936124756,292.0648078698711,88.36235855903651,0,0.9818943161760575,0.9814057442645946
D1,fodas/edf-heuristic,,51,8c83a86bf0b3a80faca732fee4610f0032a44e8607b3403d111db21af98fdd2f,25076,160.79794048771555,150.0,529.1136114323187,550.0,0.39543786887860904,0.6045621311213909,0.4693873765211271,4.068698334570947,105.66532212668116,101.24217058877252,2263606.953335088,16891.91783091717,205.15583853668522,112.84199999999822,0.0,796.5203908837808,230.09412962842129,90.98793226174134,0,0.9873349285798089,0.9887331588996583
D1,fodas/edf-heuristic,,52,8c83a86bf0b3a80faca732fee4610f0032a44e8607b3403d111db21af98fdd2f,25007,164.95125666203666,150.0,550.0,550.0,0.3585396089095053,0.6414603910904947,0.46998216429930845,4.0227503879808095,111.10040298406898,97.68774340814956,2195006.9197354764,17011.793194314945,202.52909538956663,112.53149999999806,0.0,804.2055522494319,246.83671415095137,88.50073895618947,0,0.9861565427448483,0.982782452616
E1,relief/q-learning,,42,8c83a86bf0b3a80faca732fee4610f0032a44e8607b3403d111db21af98fdd2f,25080,151.7316424845532,150.0,550.0,550.0,0.4348484848484849,0.5651515151515152,0.17116358104305276,2.339847590620428,99.13376236372615,58.45888043962332,2124850.089543297,13947.68818153142,118.29789491311001,75.32402227375485,0.0,454.7873301772536,196.17148239246217,85.3048718888434,0,0.9842846991981301,0.9922193574686436
E1,relief/q-learning,,43,8c83a86bf0b3a80faca732fee4610f0032a44e8607b3403d111db21af98fdd2f,24912,134.45681006761325,122.71639491148534,411.76274240084723,550.0,0.6213872832369942,0.3786127167630058,0.23327268048274202,3.7705001039212678,65.1661284290577,73.32812122531901,2255400.0293099345,17590.2470946819,188.60683716682595,74.8977145837646,0.0,711.6585716031933,146.89699221756914,91.27992290976117,0,0.9917409705006774,0.9952619175152764
E1,relief/q-learning,,44,8c83a86bf0b3a80faca732fee4610f0032a44e8607b3403d111db21af98fdd2f,25134,156.57941362115847,150.0,550.0,550.0,0.4008514363014244,0.5991485636985756,0.16040447554898446,2.8648532909461815,108.27658500078321,53.09370203463436,2056444.786921423,12568.35978163811,144.77479865022372,75.40199999948405,0.0,522.6572941221821,205.43483680355664,82.34884939905439,0,0.9828120525075994,0.987399263906713
E1,relief/q-learning,,45,8c83a86bf0b3a80faca732fee4610f0032a44e8607b3403d111db21af98fdd2f,24998,145.39716008575337,150.0,504.9358417037812,550.0,0.5110808864709177,0.48891911352908235,0.19836072139454106,2.636259079459211,84.04130416593331,67.46514888063966,2160472.308692921,16135.13525465073,132.4392421188452,74.99399999948126,0.0,522.8103285028025,170.42405193473644,87.10047553877082,0,0.9881894429882876,0.9925157086276627
E1,relief/q-learning,,46,8c83a86bf0b3a80faca732fee4610f0032a44e8607b3403d111db21af98fdd2f,25550,139.80524576090016,143.8135077444791,434.37733588173273,550.0,0.5672015655577299,0.43279843444227006,0.22162313570526504,3.336201386606051,72.12781768937246,73.65074175755852,2216071.389209647,17997.540774459932,172.72303339896172,76.64999999947717,0.0,661.1440163209293,154.22160136860518,87.47473373909301,0,0.9905656417471276,0.9927185890029137
E1,relief/q-learning,,47,8c83a86bf0b3a80faca732fee4610f0032a44e8607b3403d111db21af98fdd2f,25063,148.94526648379716,150.0,550.0,550.0,0.4651478274747636,0.5348521725252364,0.1814412644531978,2.751027159329195,94.02597567875917,59.94514935790882,2186694.035808743,14327.48762054584,138.95559508495737,75.18899999948562,0.0,538.691892402056,188.86381539859113,87.84959342124947,0,0.9899440258180006,0.990386904906971
E1,relief/q-learning,,48,8c83a86bf0b3a80faca732fee4610f0032a44e8607b3403d111db21af98fdd2f,25277,147.42166672702203,150.0,512.1706806199998,550.0,0.49942635597578827,0.5005736440242117,0.19800767248417017,3.0416247028985492,85.38349878319706,68.11206415945031,2220451.834735866,16398.723981943098,155.75780560784847,75.830999999478,0.0,592.6544895770077,177.25560852447663,88.52612264165023,0,0.9905281966105078,0.9909667858870997
E1,relief/q-learning,,49,8c83a86bf0b3a80faca732fee4610f0032a44e8607b3403d111db21af98fdd2f,24995,144.72939022510513,150.0,504.3842655539997,550.0,0.5197439487897579,0.48025605121024206,0.2000262191731728,2.8410357994327073,84.03011554665935,65.83712190515791,2152632.3850076036,15767.15001419156,143.16647773550088,75.08061477567874,0.0,565.498970611687,166.9758510572641,86.78468818103292,0,0.9896563530930099,0.9921376467458318
E1,relief/q-learning,,50,8c83a86bf0b3a80faca732fee4610f0032a44e8607b3403d111db21af98fdd2f,24846,151.06452945809136,150.0,550.0,550.0,0.4775014086774531,0.5224985913225468,0.197193918190706,3.5934006814162847,89.11403546609169,70.29310318395439,2176565.7037460445,16424.993209068518,179.95203772526654,74.53799999949082,0.0,653.051122188962,184.92062020524503,88.2998566415128,0,0.9864486170581624,0.9890046981019266
E1,relief/q-learning,,51,8c83a86bf0b3a80faca732fee4610f0032a44e8607b3403d111db21af98fdd2f,25076,145.73200279765922,150.0,498.9880122982944,550.0,0.509730419524645,0.49026958047535496,0.1976870026562037,3.3671034248393346,85.50453059932843,65.52530270598055,2263582.3912455537,15685.950126720696,170.8351274703044,75.22799999948263,0.0,624.8481978917619,178.3867354637487,90.92914550556851,0,0.9885573853213714,0.9904592451759071
E1,relief/q-learning,,52,8c83a86bf0b3a80faca732fee4610f0032a44e8607b3403d111db21af98fdd2f,25007,144.7380141394149,150.0,488.09624390582445,550.0,0.5270524253209101,0.4729475746790899,0.2060069851058882,3.574666322196681,82.82968460253625,66.26036982677277,2195273.989875991,15771.852633621163,180.92487649240206,75.02099999948727,0.0,671.9950403754344,167.82805640565095,88.45418416549283,0,0.9891960881915679,0.9924581088722908
